embedding_number_1,embedding_number_2,embedding_number_3,embedding_number_4,embedding_number_5,embedding_number_6,embedding_number_7,embedding_number_8,embedding_number_9,embedding_number_10,embedding_number_11,embedding_number_12,embedding_number_13,embedding_number_14,embedding_number_15,embedding_number_16,embedding_number_17,embedding_number_18,embedding_number_19,embedding_number_20,embedding_number_21,embedding_number_22,embedding_number_23,embedding_number_24,embedding_number_25,embedding_number_26,embedding_number_27,embedding_number_28,embedding_number_29,embedding_number_30,embedding_number_31,embedding_number_32,embedding_number_33,embedding_number_34,embedding_number_35,embedding_number_36,embedding_number_37,embedding_number_38,embedding_number_39,embedding_number_40,embedding_number_41,embedding_number_42,embedding_number_43,embedding_number_44,embedding_number_45,embedding_number_46,embedding_number_47,embedding_number_48,embedding_number_49,embedding_number_50,embedding_number_51,embedding_number_52,embedding_number_53,embedding_number_54,embedding_number_55,embedding_number_56,embedding_number_57,embedding_number_58,embedding_number_59,embedding_number_60,embedding_number_61,embedding_number_62,embedding_number_63,embedding_number_64,name,job,age,nationality
0.7598109245,0.51570189,1.0671117306,0.9739590883,0.9448727369,1.0240373611,0.8346187472,-0.0363348201,0.1227028668,-0.0609620847,0.8537332416,0.1881198287,0.852073431,0.8491196036,0.9216103554,0.3777119219,0.874351263,1.1009376049,0.0371883027,0.6502601504,0.7643589973,0.0883487761,0.1138631105,0.1386487186,1.1351376772,0.7714626789,0.9827315807,-0.0889160186,-0.0368372127,0.7759437561,0.0954325423,0.0946760774,0.0583571978,0.4383025169,-0.0400651544,0.0177911893,0.117949158,0.5578548312,0.9127237797,0.215489924,0.1227954701,0.1619125307,1.1036684513,0.6556803584,0.1842489392,1.0079324245,0.0235781148,1.07708323,0.3399554491,1.0690873861,-0.2977010906,0.751065433,0.5935806036,1.1334271431,0.1921349168,0.8024402857,1.2083353996,0.9179547429,0.760484457,-0.0685548484,0.0316498056,0.851731956,0.9031974673,0.0574064553,Matthew Hernandez,Doctor,45,Chinese
0.743789494,0.7434083223,0.191971451,0.4896621704,0.4455940127,-0.0259200372,0.7207255363,0.0183425453,0.6651428938,0.5172019005,0.2280791998,0.9911837578,0.460975945,0.0309471898,0.7202749252,0.3626775742,0.6909816265,-0.0898635238,0.1378769577,0.4686077237,0.6794060469,0.108016178,-0.0949088335,0.3937370777,0.2792196274,-0.0976486653,0.9491958618,0.1772908121,0.1846521348,0.7234976292,0.8376643658,-0.1547190547,0.1060465574,0.5099142194,0.8440241218,0.8330336213,0.1577529907,0.5647269487,-0.093276605,0.1325470805,0.9648572803,1.0327056646,0.9016842842,0.0894086957,0.4705325961,1.2277207375,0.5595118999,0.4932847321,0.037138477,0.9960087538,0.0882973075,-0.1267130673,0.2318874896,0.5738627315,0.7954415679,0.6864287257,0.2374763489,0.1818195283,-0.0535143763,0.7367184162,0.058046855,1.0975725651,0.3390605748,0.9975886345,Matthew Miller,Software Engineer,32,German
0.1222470775,0.9835349321,0.8950161338,0.033819057,-0.0330902487,1.1349627972,0.5573703051,0.1029865667,0.0057021501,0.4993404746,0.4575146139,0.842735827,0.3025197387,0.0302918069,0.6217499971,0.2132758498,0.7580180168,0.4302392602,0.8947677016,0.9352138638,-0.0689705759,-0.1742222607,0.1555868685,0.7367739677,0.159311235,1.0368360281,0.075499773,1.0581339598,0.1031017676,0.1060831547,0.0886405632,0.9713539481,0.1561114192,0.8367452025,0.4403669834,0.2346523106,-0.1223425567,0.0584939048,0.775432229,0.6864731908,1.0024200678,-0.1046580002,0.0617307276,-0.1775022745,-0.0600905418,1.0048776865,0.9525728822,0.7816911936,0.2529533803,0.8533217907,0.6081500649,1.0015146732,0.4808672965,0.9988341331,0.0276847482,0.8691726327,0.3785750866,1.0395848751,0.2155566961,0.0663002729,0.7728945017,0.324052453,-0.0783667639,0.9901250601,Joseph Miller,Teacher,57,Indian
0.1426475346,1.0877541304,0.79280442,0.9991688728,0.388071537,0.4352338016,0.9346936345,0.9226914644,0.1194368079,1.0612703562,0.8628923297,-0.2478004843,0.1194388419,0.0121740513,0.5715515614,0.9527411461,0.864489615,-0.0333650559,0.9359721541,0.802159965,0.9886158705,0.9129503369,0.3530495465,0.314961344,0.0591876954,0.1006840914,0.5632932186,-0.0927618295,0.0044433232,0.0847920924,0.0212505981,0.216437608,0.75872159,1.0266307592,0.9223582745,0.193866998,0.8506518602,0.4110524654,0.1302522421,0.3973317742,0.9337027073,0.1594650447,0.8374757171,0.8601664901,0.9071920514,0.7867934108,0.042921789,1.1559647322,0.1434817165,0.0036023203,0.1124491096,-0.0289800614,0.933177948,0.8907134533,0.1879688501,0.0611800142,0.8153998852,0.0559898242,0.8153058887,0.9104351997,0.0772052929,0.0552689955,0.7482062578,-0.080143705,Daniel Garcia,Pilot,36,Australian
0.8794509768,1.0406011343,0.8436553478,0.0914965197,0.2899599373,0.0924669951,-0.2023060471,0.8803038001,0.8940357566,1.0510479212,0.5345749855,0.2710662484,0.5434135795,0.8287306428,1.0247806311,-0.006349565,0.1265557557,-0.0850406885,-0.0524943024,0.2013990283,1.0992914438,1.0125764608,0.0629332289,1.0520778894,-0.0607446432,0.7798969746,1.0341911316,0.1172226965,0.8813415766,0.4245070219,0.0006042644,-0.0115940161,-0.0235039555,1.1414388418,0.1560898721,0.8104535937,0.1084892005,0.7959948182,0.2243833691,0.6912696958,0.8850508332,0.9739871621,0.2535399199,0.9657140374,0.0007921308,0.8085516095,0.9316198826,0.052777838,-0.0209666044,0.2783799767,-0.0970746577,0.156015262,0.0389934704,0.4369455874,1.1249492168,0.8325433135,0.7428793311,0.1489422023,0.160049215,0.8625469208,-0.0537278578,0.3193342686,0.9440085888,0.8906159401,Joseph Jones,Doctor,36,Australian
0.2782844901,0.4336823821,-0.0184772238,0.0262663737,0.8693224192,0.1680716574,0.0699016303,-0.0794035271,0.1899989396,0.8468829393,0.7469201088,0.7945693731,1.0062329769,0.4954748452,0.8068694472,0.1214229912,0.7488207817,1.0155849457,0.8107576966,0.0373582542,0.0889261812,0.3473505676,0.5984846354,0.8329257965,0.0023260266,0.3417822719,-0.0126294829,1.0261482,0.4326489568,0.9276212454,0.7206355929,0.3183146715,0.9181197882,0.2347692698,0.0573939532,0.9416220188,0.4469753802,0.3934931159,0.8839734197,0.9828616381,0.4811155796,0.5694944859,-0.0641444474,0.5551407933,0.2837643623,0.7565042377,0.1801288128,-0.1085829139,0.1701970696,-0.0054820087,-0.0840051621,0.0478454083,0.6200293899,0.1148794666,0.2845900655,-0.1269756407,0.0918893516,0.0589620695,0.0644230396,1.0028181076,0.5455938578,1.123683095,0.9044992924,1.1547482014,John Hernandez,Manager,40,Chinese
1.0135016441,0.6185574532,0.006599538,0.9734779596,0.84785074,0.3866419494,0.2754904032,0.2291346937,1.0645276308,-0.1774281263,0.9168174267,0.1893408298,0.7492163181,-0.0304651745,0.8254920244,0.9272145629,1.0446447134,0.3903611004,0.8776925802,0.8143147826,1.0673582554,0.1804140508,0.0807964206,0.8989482522,-0.0141307861,-0.0125365257,-0.1223623902,0.1473568827,0.1217715964,0.8968423605,0.6504279375,0.0110697709,0.5252178907,0.082445547,0.8703346848,0.9898733497,0.2185175419,0.5270816684,0.6942303181,0.0059831738,0.4914024174,1.0556908846,0.4106646776,1.1405061483,1.0635017157,0.1354504824,0.2101377845,0.6765245795,0.4882798195,0.1987364441,-0.0526797436,0.0419131219,-0.0600729659,-0.0875871703,0.7052775025,0.1547737122,0.4857103825,0.5999571681,0.9533771873,0.5243911743,0.1603909433,-0.1215188578,0.9887241721,0.968536973,Michael Smith,Architect,52,Chinese
0.0888695642,0.239226222,0.0747405812,0.0338679925,0.9989317656,0.0479835831,1.0313260555,0.1943994462,0.923506856,0.5554164648,-0.0003319308,0.486792326,0.9195798039,0.7191565037,0.8138802052,0.1889222264,0.2160378247,0.8219816089,0.8332464695,0.5773971081,0.4290928245,0.6986193061,0.7825331688,1.1251938343,1.1007502079,0.810469687,0.1152554899,0.6625761986,1.0378621817,0.998439908,0.9219768047,0.0952196419,0.0708443373,0.868602097,0.7023587823,0.3571123779,0.2530035377,0.105962567,0.0652424842,0.9889289737,0.6787660122,0.4886532128,0.5255111456,0.9259231091,0.0901457816,0.069810316,0.4817845523,0.515615046,0.2609847784,-0.0365567133,0.9291216135,0.8134703636,0.8140559793,0.2188146412,1.0886714458,0.1380463094,0.8124392629,-0.0979800597,1.0030008554,1.0404759645,0.76014328,0.068053104,0.9577772021,0.2703472674,Michael Hernandez,Nurse,53,American
0.0341769233,-0.0457942411,0.1903697103,-0.0777954236,0.0952437967,-0.0097276596,0.7646208405,0.0281588789,0.0645047575,0.4656640589,-0.2694654465,0.1551366597,1.0543811321,-0.157812342,0.0672511011,0.5246074796,0.2984780073,-0.2499747872,0.4033183157,0.8708000183,0.1337313503,-0.0449001193,0.0770277828,0.9578959942,-0.0291618258,0.0889536589,0.7243352532,0.0825657994,0.0595132262,-0.0248719901,-0.0105252638,1.0226336718,0.9164470434,1.1084923744,0.5025011301,1.0509207249,0.0714765787,0.4430354238,0.0797855556,0.1833047718,0.9189577103,0.1151138917,0.7445165515,1.0665539503,0.2174545079,0.0988460183,1.0231091976,0.0709524304,0.06110771,0.8011362553,0.9575103521,0.0848900527,0.8394476175,0.2380503714,0.7373378277,1.0297509432,-0.1312443018,-0.0365613624,-0.2217723578,-0.1450026631,0.0626948848,0.9897469282,0.1651975214,0.404800415,Joseph Martinez,Teacher,54,Italian
-0.1911510825,0.1133669391,0.6580324769,0.0584578589,0.0326737911,0.1306876987,0.80891186,0.9020510912,0.1732228696,0.778277576,0.1837816238,0.3267000616,0.8891501427,0.0169492625,0.6250431538,0.2812162042,0.084011957,0.8877711296,0.8449577093,0.0247730166,0.6444292068,0.2790594399,0.1995388716,0.2066799849,0.8891994357,0.6976730824,-0.0092135407,1.0183861256,0.0596399829,0.0398560166,-0.0801561847,1.0059013367,0.8564068675,1.196798563,0.9487780333,0.0317049995,1.0484895706,-0.1663241088,0.0850210041,-0.0407240242,0.0937435701,-0.1665075123,-0.0344685763,0.2093157172,0.4460959435,0.2823715806,0.9722799659,0.2222542167,0.9543586969,0.2178287357,0.6079521179,0.9180062413,0.8379541039,0.9195872545,0.395580411,1.2059291601,0.2812054157,0.8068608046,0.7398689389,0.1321322024,0.8788859844,-0.1394096315,0.1460400522,0.0287124049,Michael Williams,Chef,36,French
0.148896873,-0.0462803319,0.7508604527,0.1164787486,1.1086896658,0.0382498167,1.2151472569,0.8824023008,0.1102645844,0.6025352478,0.0847471431,1.1537083387,1.125351429,0.9693927169,0.4859048724,0.8376408815,-0.0189577043,0.8330150247,0.0029405169,0.1621908098,0.8045600653,0.6119561195,0.7961388826,0.7708330154,0.8533004522,0.2848407626,0.1147642434,0.2500633001,0.1981320381,0.9549353719,0.6860325933,-0.0581150539,-0.0641774386,0.5278820992,0.1481340528,0.5005192161,-0.1989938021,0.8027672768,0.1263608783,0.8858516216,-0.0108174309,0.7155415416,0.7936404347,0.2468648255,0.0943789631,0.6893694997,0.7552238703,0.9301108122,-0.1922846735,0.7912701368,0.1898024976,0.8709558249,0.4149672091,0.8370049,1.0555317402,-0.10314475,0.8554517031,0.0202217326,1.2836033106,1.0814479589,0.0081726238,0.9604366422,0.917229116,0.3296096325,Michael Smith,Chef,42,Australian
0.6598845124,0.8846473694,0.2598716319,0.1980540156,-0.1742427796,0.0331860296,1.1507226229,1.0966147184,0.928609252,0.7364776134,0.0043717697,0.6661801338,1.0328674316,0.5497935414,0.0321252681,1.0526034832,-0.034542188,0.0507145375,0.8174540401,0.8409389853,0.8709346652,0.764993012,0.7683978081,0.1780678183,1.2121001482,-0.0962813944,0.8866472244,0.5719941854,0.9471724629,0.7715497613,1.0053236485,0.2696259022,0.9754269719,0.4249203801,0.810978353,0.2955915332,-0.0401738957,0.0747375414,0.1531320512,-0.0282302052,0.1188286766,0.9500082135,0.9473978877,0.5740616322,-0.0894592553,0.470887512,0.7551465631,0.7904973626,0.0401758105,0.9798939824,0.9174966812,0.0308994204,0.092320092,0.7120454311,1.0939528942,0.0312150903,0.233444497,0.0186112076,1.011121273,1.0944805145,0.2609443069,0.1301578879,-0.0600552037,1.0042684078,Daniel Williams,Software Engineer,58,American
0.648573041,0.9924213886,0.9568087459,-0.0760443285,0.1825373918,0.0383895747,0.7376227379,1.005264163,1.3535443544,1.2056328058,-0.061504893,1.0826488733,0.69704777,0.9326087832,0.369813174,0.1408040375,0.8324153423,0.2625727355,0.2318949252,0.382497251,0.719024837,-0.0044853911,0.7348498106,0.0769534782,1.1069104671,0.1118466556,0.3468228281,1.0363459587,0.9355270863,0.4157571197,1.1048851013,0.057908278,1.1701716185,1.0095863342,0.9040117264,0.8473696709,0.8029520512,0.8370653391,-0.0971561223,0.852945447,0.0361243859,0.9245977998,0.9920242429,1.0107731819,0.0637404025,0.7648610473,0.1217676178,0.3031320274,0.8447685242,0.2656230927,0.7137420774,0.1296612024,0.7412045598,0.5119475126,-0.0231232494,-0.1375619024,0.7805123925,0.9319113493,0.7838454843,0.9448691607,0.0553198531,0.7862896323,0.0842622519,0.7568625808,William Miller,Teacher,37,Australian
0.4215733409,0.852048099,0.3316518366,-0.0406602547,0.1585010439,0.8497858644,0.9473441243,0.4022259414,-0.0445662327,1.110809207,0.9513303638,1.2232800722,0.6929540634,0.0925913602,1.1498966217,0.4893993735,0.0105409324,1.0350286961,0.2293716222,0.3020947576,0.1444863826,0.0222729221,0.5531725287,-0.1468502134,-0.0731142163,0.1493723392,0.0387027077,0.0465105027,-0.0008986387,-0.0228438228,0.021262832,0.9344742298,0.2266361415,0.7003197074,0.4492473602,0.6527619958,0.0614346564,0.7858970761,0.8840732574,0.1472536027,0.1259819269,0.0046047196,0.8474711776,0.2783572376,-0.0256346911,0.8721873164,1.1648023129,0.3028047979,0.8924781084,1.1207270622,0.0665296763,0.0703404397,0.9141808748,0.8136137724,0.7345526218,0.8819481134,0.8336418271,0.921541214,0.159345299,0.1847408116,0.7485226989,0.9507956505,0.977242589,-0.3341835737,Matthew Jones,Software Engineer,60,American
0.0240119155,0.4887444377,0.7770746946,0.8443108201,1.085880518,0.7575958371,0.8481554389,0.5183500051,-0.0796128958,0.9445443749,-0.0475664362,0.8205947876,0.6193580627,0.1038551182,0.0251084752,-0.0271040741,0.2071053982,1.0303406715,1.2361018658,0.67886132,0.7827592492,0.9224247336,0.0847421438,0.6580817103,0.8521241546,0.0043670759,-0.0425219126,0.9092764854,0.2848737836,0.5058684349,0.0494921878,0.3753107786,0.4420492947,1.0334465504,0.0400956646,0.793931365,0.9139180183,1.0202428102,0.0580595322,0.1296005994,1.0753762722,0.1228989139,0.6050954461,0.8486716151,0.9439518452,0.0977897644,0.1421445012,0.4005151987,0.8001874685,1.1359134912,0.7758517861,0.2501415014,1.1750209332,0.0582412258,0.2128248215,0.6846398115,0.2867234647,0.0067312792,0.2500163913,0.4162486494,0.8110753894,0.0339347348,0.1208293959,0.915033102,Michael Johnson,Software Engineer,43,Indian
0.6691812873,0.2484771609,0.0351645872,0.8593028784,0.0503544658,0.8344660401,0.17501764,0.7167617083,0.3243740201,0.1243650243,0.1692011952,0.4445007145,0.0459726006,0.8953543305,0.0027783699,0.3830436468,0.0719950497,0.1037971824,0.9179618955,0.0018544942,0.8528839946,0.9130976796,0.6145644784,0.8181265593,0.3719024062,0.3460797668,0.9481061101,0.1145797372,0.9008666277,0.0253376514,0.931378901,0.6943734884,0.0127543099,-0.2401998937,0.571442306,0.1738866866,0.8313183784,1.0583487749,1.0546604395,0.0962434262,1.0483478308,0.6115684509,0.6041206717,0.172277689,1.0040436983,-0.055196438,0.8034353852,0.8030648232,0.1732984185,0.9163359404,1.0248420238,0.0336928368,0.05206009,0.3249306083,0.8718553782,0.1892421097,-0.0921032876,-0.0088789836,0.9103272557,0.0193224624,0.9839162827,0.0049052183,0.1278766692,0.8993124366,Robert Garcia,Chef,39,Canadian
0.9148337245,0.2561254203,0.1076871529,0.8518160582,-0.0381975919,0.4349524975,0.2476385534,0.007206222,0.1074756831,0.6532227993,0.9309427142,0.683657527,0.3998737931,1.0186085701,0.0591101684,0.942629993,-0.0388860554,0.4358401895,0.1436614096,0.0676969439,0.790391624,1.1112788916,-0.0549904034,0.9742868543,0.1727836281,0.7792448997,1.1104179621,-0.0787045807,0.9627320766,0.0169730932,0.0805786476,0.540635705,0.200948149,0.601623714,0.0203904659,0.1169670746,0.0974314511,0.3996597528,0.0680284947,0.0900137872,1.001642108,0.1609884799,0.1809424907,0.016838342,0.244470939,0.817971766,0.7452358603,0.7806277871,-0.0143322274,0.261946559,-0.0795283765,0.8575216532,-0.2092669308,0.7380886674,0.9882070422,0.1862666011,0.1615335345,0.1542805433,0.9139067531,-0.0745195895,0.8283100128,0.213501513,-0.0201926306,1.0627810955,Robert Jones,Architect,52,Italian
0.0524640158,0.3286011815,0.0858028457,0.1431976855,0.0978267938,0.0279653035,0.8432896137,0.2923269272,0.4406704605,0.9770332575,-0.0846258327,0.2441918254,-0.1554058343,1.1458539963,0.9743874669,1.0067844391,1.0501246452,0.4376306534,0.957621038,-0.0256960243,0.0229506344,0.8699563146,0.9354323149,1.0552743673,-0.0138363093,0.7033036947,0.7103800774,0.7767682672,0.6749098301,-0.0913804322,0.3252224028,1.159689784,0.2650614977,0.1669185758,0.0242588371,-0.004449226,0.0572389662,0.6633462906,1.0296105146,0.5871226788,1.0186741352,0.2641392648,0.1279341727,0.1620486975,0.9428734183,0.0268906616,0.1389923692,1.0172408819,0.0057515204,0.3745454848,0.863606751,0.5097903609,0.9521292448,-0.0498489141,0.1989886761,-0.0108943097,0.2565068901,-0.0616862103,0.9381322265,0.7775268555,1.0330293179,-0.0471198484,0.201001972,0.6220678687,Daniel Davis,Software Engineer,45,Indian
0.9899824262,0.1574838758,0.1323557496,0.9115046263,0.9368866086,0.6368966699,1.0340141058,0.2662860453,0.7625517845,0.8009879589,0.464723736,0.3304834664,0.7523072362,0.7886720896,0.8242647648,0.9348313212,0.0291766226,-0.0497250706,0.0137573294,0.9863757491,0.9094654322,0.8716741204,0.932180047,0.3783109784,0.6944688559,-0.0821742862,0.2337226123,0.3485425711,0.1316793859,0.078578189,0.0202031061,0.9743369818,1.1168261766,0.7291540504,0.0278124064,0.7220451236,0.7558957338,1.0413120985,0.9313831329,0.9656431675,0.4886786044,0.8754823804,1.0218247175,1.0624009371,0.9517006278,0.068488121,-0.000847958,0.1137382537,0.2665506601,1.0484261513,0.0836803019,0.2123545259,0.6799089909,0.0550264195,1.0970208645,0.843121767,-0.0443536267,0.1811763644,0.0290271714,0.3488596678,0.0626389161,1.0037317276,0.9054051638,0.0032362174,Robert Martinez,Teacher,48,American
0.4124884307,0.7150695324,0.9753943086,0.7892644405,0.0351057798,-0.1036746502,0.3416416645,-0.0252021942,1.0196365118,0.4287550151,0.0877661183,0.1103091985,1.1246472597,1.0645834208,0.8044573069,0.8218374252,1.0042959452,0.0588141084,0.0594124757,0.8626071811,-0.0488489084,-0.0113568753,1.080645442,0.8471297622,0.938795805,0.9895452261,0.7311526537,0.0266887993,0.6183487177,0.7451733947,0.809214592,0.2117725909,1.0755784512,0.7296376824,0.135986805,0.1835174263,0.8022187948,-0.0992764756,0.0710712224,0.052347824,0.7780892253,0.0390140787,0.756262958,-0.0658632815,0.867164731,1.0698578358,0.9858902097,-0.0319283195,0.0567948371,0.6276299953,-0.014512185,1.0425086021,0.9158369899,0.8532703519,0.0640201569,0.6279142499,0.2086423934,0.7364628315,0.0005134344,1.0872793198,0.1253096163,0.9834758043,0.199670583,0.9071406126,Michael Miller,Doctor,53,Chinese
0.1859121025,0.2130416036,0.1932407916,0.2951396108,0.260725081,1.0106621981,0.0196506232,0.8803480268,0.9968776703,0.0748057142,0.8577144742,0.0208690651,-0.0189719647,0.8284524083,0.9493168592,0.0288425218,-0.0642973781,0.5249335766,0.8402578235,0.1286475211,0.9773293734,0.0539377406,0.2091960311,0.0542527996,0.9053284526,0.2136983424,0.1404322237,0.3943853378,-0.0876913518,0.1479390711,-0.0629475787,0.0301154219,0.1261650026,0.0897092968,1.0267771482,-0.1005400643,1.2146126032,-0.2008877993,0.1039467156,-0.1272584945,0.8261834979,0.2887254059,-0.1256135702,0.0534682274,1.0575479269,0.3744148314,1.0412576199,0.1195966154,1.0319831371,0.1607800275,0.8075731993,1.0371636152,-0.0644270703,0.68309623,0.9555186629,0.4990766048,0.2748142481,0.9961567521,0.1209336668,-0.0836004913,0.0222645625,0.2192189097,0.0518290177,0.6795979738,Michael Smith,Doctor,35,American
-0.0839462802,0.9122991562,0.7488187551,-0.0155248269,0.1746147722,0.8716493845,0.882160604,0.7179009318,0.9225958586,0.1409864575,0.0157712922,0.7414232492,0.0622070059,0.9249614477,-0.0546102934,0.0944826603,0.1073897406,0.0716506392,0.9031242132,0.9112161398,-0.0612086356,0.1573833525,1.0851026773,0.8094003797,0.2246760428,0.4739779234,-0.1433925778,0.0735679418,0.3640336096,-0.2189653367,0.8101478815,0.9254875779,1.0059424639,0.219389081,0.078839764,1.0615464449,0.3717548847,0.442337811,0.8973889351,0.2253599912,0.8755298257,0.4142180979,0.1877665818,0.819934845,0.0392839387,-0.1207389832,0.1887157261,0.1368362159,0.8766995668,0.7215280533,0.90079844,-0.0741220266,1.0540361404,0.9495589733,0.1441925019,0.2168391496,0.4908075035,1.0047996044,0.0783124194,0.0852735639,-0.0513421074,0.8945313096,0.5030382276,0.251978755,James Brown,Architect,48,Indian
0.8757655025,0.1863937676,0.8966948986,0.8830909729,0.8571861386,0.8987141848,0.7291896343,0.9004264474,0.1532704979,0.1193679795,0.0709204152,0.5123862028,0.4604310989,0.8609951138,0.8885357976,-0.0032683625,1.023204565,0.1446076035,-0.0775790811,0.1090563536,-0.0965975374,1.0024296045,1.1702753305,0.2124141902,1.1641597748,0.0281360596,1.0068984032,-0.1332649738,0.7778058648,0.9934844971,0.8778195977,0.0804320276,-0.1584838927,0.0167972408,-0.0724629313,-0.0339609161,0.0568382442,1.0925914049,0.8860589266,0.1393073648,0.0151389614,1.0613592863,1.1417468786,0.105974406,0.92779845,0.0349267088,0.8236211538,0.6274557114,0.103020303,0.9878140688,0.3675498962,0.9218568206,0.003127241,0.168299526,0.0952067971,0.7374606729,0.910674274,0.9462906122,1.0138460398,0.940869689,0.891636312,-0.0836089328,0.9843971133,0.057227239,Andrew Garcia,Lawyer,43,American
0.0968756601,0.1340889335,0.8277761936,0.7551605701,0.839915812,0.3924980164,0.8913510442,0.1894248426,0.9648214579,0.113440156,-0.1064201072,0.9037525058,0.907181561,-0.0464916117,0.2321425676,0.7648989558,0.1016737074,0.2546697259,0.1011179537,0.632040143,0.855153501,0.0404148176,0.1505136788,0.8885599375,0.6447777152,0.9896787405,0.017552685,0.8707041144,-0.0896780714,0.2571345568,0.0295875594,1.1102241278,1.0593568087,1.061026454,-0.0040021688,0.9009466767,0.0772918761,-0.076364167,-0.2475762814,0.2986807823,-0.0762052611,1.0169883966,0.1530057639,-0.1025175601,0.0348988622,0.713920176,0.0017715469,0.2690081298,0.1923910081,1.0442653894,0.8815393448,1.1551458836,0.1291228533,1.0010387897,1.0759949684,0.8614678383,-0.0920127854,0.8212354779,0.7872751951,0.7909731865,-0.1069176719,0.7479130626,0.7902422547,0.8054808378,Michael Jones,Chef,34,French
0.6913385987,0.2055616379,0.3249638081,0.0820163563,0.6730937362,0.9268004298,0.7211977839,-0.0417948067,0.0813404322,0.2410093248,0.4623273015,0.930000782,0.0608235449,0.0083437674,0.6402747035,0.7086282969,0.7704880238,0.3675165176,0.8548067212,0.7208891511,-0.1574363261,0.0429119244,0.0120464414,0.3462238312,0.0536448807,0.7680637836,0.2208441049,0.5795434117,0.4715543091,0.3114025593,1.0651525259,0.4505537748,0.0643312186,0.026952602,0.1355273873,0.983915031,0.9561531544,1.0831228495,0.8381471038,0.6717905998,0.7205658555,0.2920535803,0.8424116969,0.0650954843,0.7076188922,1.0357069969,0.8228334188,0.9981492758,0.1624573916,0.4873506427,0.8780738711,0.1035749763,0.8729712963,0.3408314884,0.985242188,0.8045225143,0.7366325855,0.8540659547,0.8513428569,-0.1481853127,0.8419679403,0.7653787136,0.9365401864,0.0800363868,John Brown,Doctor,45,Chinese
0.9245566726,-0.1714456379,1.0791146755,1.0519281626,0.1479254663,0.8654481769,0.0214166492,-0.0224008206,0.9735919237,0.1490366757,0.5043112636,0.8512715697,0.8484659195,1.0218595266,0.0951668173,0.6365501285,0.1031914055,0.1914522052,0.0241244249,0.3055794537,0.3160786033,0.9899051785,0.7029909492,0.9050827026,0.928463161,0.6689549088,-0.0074700899,1.0593497753,0.123332642,0.8422324657,0.1059035584,0.9375162721,1.2174136639,0.7072762251,0.8685557246,-0.0566542819,0.7986285686,0.0679149553,-0.1317348033,0.1338356584,0.1118058339,0.1390622854,-5.0217e-06,0.0032368004,-0.0765387267,-0.1508663893,0.3095324636,0.0459443145,0.2820885181,0.0997185335,-0.0454064272,0.8615032434,0.8702088594,0.8925064802,-0.1158874333,0.8153291345,0.3460401297,1.1937443018,0.4823194146,0.0903656483,0.7525366545,0.0555421636,0.0885887966,0.8722149134,Robert Smith,Mechanic,32,Indian
0.3742379844,0.1885638237,0.7245227098,0.1309890747,-0.096267283,0.9178829789,0.0618021935,0.5535581708,0.0263976865,0.2776628435,-0.0270446911,0.2314146161,0.8968071342,0.7446504235,-0.0120596401,0.0163457524,0.9542652369,0.9574630857,0.8163051009,0.0515996963,0.3021994829,0.2098186612,0.6584829092,0.9540579319,0.8676069379,0.0897143334,0.163852796,0.025268659,0.992354691,-0.0043687671,0.9401808977,-0.0111558177,0.2611874044,-0.0833365619,0.8455027342,-0.0749103352,0.2448156476,0.9153634906,0.8170330524,0.8936024308,1.0381696224,0.9603416324,0.8921635747,1.0548198223,1.0511848927,-0.0505840518,1.0334652662,0.8466913104,0.8977044821,0.8372079134,0.9013789892,0.0940127671,0.6352163553,0.1849559844,-0.0196113586,0.0670497268,-0.0197314005,0.0895924196,0.8833224177,0.4826641381,1.0534904003,0.0570457503,0.1801277697,1.0295639038,John Davis,Nurse,37,Chinese
0.6949996948,0.1000702456,0.1411646307,0.057281144,1.0089062452,0.0771415681,0.7998982072,-0.252050519,-0.0478905328,0.2190379798,1.0062440634,1.0047477484,1.097828269,0.4590300024,-0.0175376944,1.056016922,0.1636174619,0.4931523204,1.1573896408,0.4746732116,0.6374843121,0.9156013131,0.9869731069,1.0379546881,0.097328648,0.0556244999,0.0669308454,0.8737666607,-0.128120631,0.9980575442,0.8636165857,0.6112266183,0.8621435165,0.5152732134,0.150507018,1.0902813673,0.1486709863,1.0749596357,0.8813380599,0.7170858383,0.9231091142,0.0396840051,0.618224442,0.1376189888,0.8884889483,0.7404683828,0.9499166012,0.4679089785,0.5133224726,0.7338140607,0.0039469339,0.0306475013,0.6602522135,0.0799869969,0.3256395757,0.1854778975,-0.0589338392,-0.0147748366,0.9445288777,0.0989526212,0.5675678253,0.9329077005,0.8770577908,0.6645129323,Robert Hernandez,Nurse,51,Chinese
0.8836196065,0.3007229865,0.7956918478,0.2225577235,1.0134454966,1.1745046377,0.7974451184,-0.0565647259,0.1108616143,0.1053878441,0.8380687237,1.0972061157,0.48677212,0.1583695412,0.8507640362,-0.0081664938,0.9754912257,0.0215964615,0.0574211739,0.5492406487,0.0348068774,0.0611417219,0.058264181,-0.1549530476,0.7553402781,0.016088888,0.3344914317,0.1061929613,-0.1110454425,1.0106139183,0.2302992344,-0.1599995196,0.2629208267,0.6473763585,0.8174242377,0.1202530041,0.1146478057,0.8456732631,-0.1353289187,0.036429733,0.5063781738,0.8316217065,0.9048673511,0.1228889376,0.164877221,1.0567235947,0.3179905713,0.3408583701,0.2540552616,1.062035799,0.1935594231,0.2905606627,0.2891644835,1.0703907013,0.1616391391,0.443091929,0.437636137,0.7940629125,0.143054083,0.0371602774,0.2548013031,0.9139634371,0.0885974094,0.9478293657,Andrew Miller,Software Engineer,38,Italian
0.1234613881,0.961571455,1.0657155514,0.9515725374,0.8898979425,1.0400437117,-0.0122651607,1.0817834139,0.644595921,0.0807123408,0.9997776151,0.1432139426,0.0609857664,0.1893144697,0.5252569318,0.0213269871,0.1122493595,0.7991229296,0.9014332891,0.0336679593,1.0939018726,1.0222209692,0.9277210236,0.0072342111,1.0407557487,0.5212013721,0.1840042174,-0.0140570849,0.0880690217,-0.0043583661,0.0492228791,0.2024077177,1.0539050102,-0.1332045496,0.9667329192,-0.0340087637,0.9239223003,0.0020305589,0.9246683717,0.0138229281,0.0734189376,0.8671676517,0.064569369,-0.0739028156,0.1807485223,0.3243430257,0.8933861256,-0.0084312819,1.0182751417,-0.0269247498,0.9885985851,0.1941724867,0.1294785589,1.1592148542,0.8408057094,0.1440325379,0.543804884,0.8535049558,0.3236807585,0.5428564548,-0.0695374012,-0.0066559073,0.9768477082,0.083367914,William Hernandez,Manager,35,British
0.6449043751,0.1511440575,0.0350485966,0.123225756,0.2533925176,1.0271404982,0.9048384428,0.8451403975,0.8483990431,0.8773257732,0.0096704438,0.9202737212,0.8268938661,0.5044156909,1.1041355133,0.076836057,0.8217579722,0.6019554138,0.0661406815,-0.1399514824,-0.0477029085,0.1489131153,0.9132996798,-0.021712888,1.0733267069,0.0127141178,0.7683104277,0.2763743997,1.0439798832,0.1080327928,1.0898139477,0.3318606317,0.0119804777,0.2252851427,0.0977335423,0.1349094212,-0.0031362474,0.2640464604,0.0396599062,0.0055532604,-0.1300992072,1.1677680016,0.9121558666,0.0132856369,0.9513679147,0.2470474243,0.7168326378,0.435287565,0.64475739,1.1165889502,0.9922953844,0.9707775712,-0.0285728183,-0.1545028687,0.9083757997,0.7115363479,0.2749022841,1.0421510935,0.8461958766,1.0381282568,0.986027956,0.0337135941,0.8350874782,0.0620468557,Matthew Davis,Lawyer,35,British
0.967392087,-0.1589719653,0.1278135777,-0.0211046264,-0.0263575781,0.622635901,0.067713961,0.0294548031,0.1628828794,0.8635317683,-0.084411256,0.8752812147,0.1166368127,0.0901818126,1.0435345173,0.9840625525,0.4352266192,0.2786093056,0.0761898607,0.1136685759,0.0127807111,0.0123972744,-0.1549883336,0.0684950724,-0.0461705774,0.122811228,0.1111918241,0.1486202031,0.0660174564,-0.2721244693,0.8815498352,0.3083353639,0.1144824475,0.0203584395,1.0145016909,0.1371552646,0.6414468288,0.9709870219,0.3198149502,0.1315629035,0.6501619816,0.6401863098,0.9276991487,0.033911109,0.9923478961,0.7319551706,0.6592696905,0.7323880792,-0.0326172858,0.743986249,0.8522767425,0.0737453848,1.0660338402,0.15064165,1.2278892994,0.9094749689,0.3980601728,0.8558141589,0.1764368117,0.0586772859,0.8570728302,0.1751074493,0.9194400907,0.0473713428,Joseph Davis,Manager,38,Canadian
1.1692922115,0.2094709873,-0.1625635922,0.1263814867,-0.0129096266,0.2479230464,0.1495850235,0.7669580579,1.0344544649,1.069239974,0.7895140052,0.5103210807,0.8979370594,0.858637929,0.7997348905,0.7748611569,0.0695232451,0.1430267394,0.0751015693,0.5464465618,0.9508097172,0.1202783808,0.2806070447,-0.2137251347,0.883470118,0.004971385,0.9560642242,0.8242121339,0.8155953884,0.9682601094,0.6880860329,-0.1016682982,0.9339118004,0.8458794951,1.11741817,1.0934814215,0.9048794508,0.1656111479,0.9368606806,0.9898674488,-0.1410997808,0.1014227793,1.0824245214,1.041603446,0.120925203,0.2990269065,0.9091072083,0.7133524418,0.9718164206,-0.0072690826,0.1222175062,0.1246955246,0.6359312534,0.0679033771,0.6072305441,0.161592409,0.9094936848,0.8601377606,0.2026307732,-0.0706339628,0.8196905255,0.7334694862,0.5803744197,0.1423503309,Matthew Jones,Doctor,34,Spanish
-0.0208405498,0.8283781409,0.8190890551,-0.0379137322,0.6975660324,0.2951004803,1.3390386105,1.0233637094,0.0870369673,0.656332016,0.1633601487,0.706582129,0.9850201011,0.6269361377,1.0652247667,0.2196248472,0.6836925745,1.1074693203,0.7413646579,0.0814796835,0.2135964632,0.0625343621,0.7466859818,0.3689757884,0.7798019052,0.2748222351,-0.0649321824,0.6448757052,-0.1412923336,0.7049029469,0.3711341321,0.5526288748,0.0218314268,0.5667843223,0.0860847384,0.0366337374,0.2829142809,0.068121843,-0.0097172819,0.0278023034,-0.1641182303,0.239462167,0.0027733147,-0.1428356171,0.6459329724,0.8900312781,0.7867424488,0.7248020768,-0.1008083373,0.8057665825,0.8738470674,0.9577226639,0.7009009719,0.9043541551,0.6416484118,0.0908205956,0.9604830742,0.5455750227,0.868283689,0.9542176723,0.1391127706,0.378282398,0.6951959133,0.1224023849,David Johnson,Software Engineer,59,Australian
0.8099628091,-0.0101671442,0.365187794,0.8303749561,1.0256861448,0.791847527,0.1643735021,0.0690714046,0.8208050132,-0.0498464443,0.2288672328,0.8240830302,1.0207585096,0.1002715379,0.2172281444,0.1271941662,0.7608913183,0.6996505857,0.1545270532,0.088279292,1.0140813589,0.6897951365,-0.0928878784,0.9384880066,0.9220120311,0.7375676036,1.0168435574,0.6827631593,0.5942061543,0.8565272689,1.0169593096,-0.1522580832,0.3802825511,0.1227472425,0.4768321514,1.0116224289,0.0683031976,0.300044775,1.0352940559,0.5658595562,-0.0617422685,1.0015058517,0.8828328848,0.7936009169,0.1077700853,0.1544717401,-0.0294567868,1.0751029253,0.915094316,0.6978749037,0.1017084718,0.3884750605,0.2423436046,-0.0590473637,0.9286026359,0.9147740006,0.8804902434,1.0483516455,0.8625229001,-0.0378278196,1.0093383789,0.2236700356,1.0995018482,0.0481117368,Joseph Martinez,Architect,37,Italian
0.7678102255,0.8357088566,0.1689109206,0.0476191714,0.8461095095,0.8919485807,0.9691314101,0.00818347,0.6347235441,-0.1103669256,1.1640436649,0.1009628773,0.3195618391,0.8969659805,0.2973746359,0.1854842007,0.5490486026,-0.1102236807,0.8683491349,0.8321238756,0.0227779299,0.2199023068,0.9150451422,0.5879587531,1.043300271,0.7937959433,0.0102739744,0.8488581777,0.9471767545,0.900816977,0.1589646935,0.8552992344,0.9404298663,0.147522822,-0.0584000498,0.9381222725,0.8643634319,0.7204020023,0.9990068078,1.0870144367,0.8242456317,0.2964323163,0.1516089886,0.716883719,0.0630814582,0.2942666709,0.7952321768,0.110198319,0.5424396396,0.0745270625,0.0791145265,0.8461168408,-0.1839685738,0.0056380406,0.0421705842,-0.0537214838,0.2980474234,0.0839139298,0.9255886674,-0.0216942728,0.1893608868,0.8578112125,0.3448959887,1.1687002182,James Smith,Mechanic,52,Indian
0.0020917114,0.2455430925,1.2118747234,-0.0713262632,0.6774227619,0.0621025749,0.1299541444,0.2009224147,0.1999424845,0.0890015438,0.2776792645,0.7984396815,0.9905541539,0.8794778585,0.1982423216,0.8807852864,0.6213815212,0.8174539208,0.9164342284,0.2560628653,0.9371117949,1.0103408098,0.0673854649,0.4288502932,0.0265502781,-0.1627531052,0.776692152,-0.0496868193,-0.0088458974,0.1940769106,0.0189303681,-0.0613149293,0.8784258366,1.0140789747,-0.1144786626,-0.0470664874,0.1980244219,0.7855505347,0.0734955221,-0.1938927919,0.8691658378,0.1703514755,0.1979854554,0.7329829931,0.9601364136,0.9889896512,0.4373944402,-0.0197080113,1.030356884,0.7517826557,0.1041087806,-0.020030126,0.8356366754,0.5500127673,0.0748631805,0.8978562951,0.0064330087,0.8391646147,-0.0930023342,-0.1241991073,0.0427207276,0.9214208126,-0.151149869,0.4060311019,William Jones,Lawyer,45,Chinese
1.0984085798,0.0959181711,0.8358706236,0.9986342192,0.873575449,0.1938970089,0.3253954053,0.8535479307,0.1841243953,1.0742030144,0.4551437199,-0.0793960243,0.2224355936,0.8892757297,0.1291587204,0.1506619453,0.8450841904,0.0430548787,0.1053697914,-0.0747045428,0.7959727049,1.0739095211,0.9596251249,0.8697255254,0.8084939718,0.2987008691,0.9934872389,0.883221209,0.2492800951,0.2009908408,-0.0305142328,0.9447029233,0.9294888973,0.993586719,0.0144905299,1.0025110245,0.2449070215,0.5404599905,1.0369690657,0.9288157821,0.1195374504,0.5267742276,0.8138851523,0.0374051109,1.2065429688,0.3417237401,0.6550614834,0.5247835517,0.9328699112,0.8326416016,0.9715178013,0.8643841743,0.2017882764,0.3342224061,0.0833273381,0.8297948837,0.1645994931,1.0307840109,0.2361150831,0.435780555,0.7014032602,0.3756822944,0.8093175292,-0.03162615,Matthew Hernandez,Nurse,35,German
0.6802563071,0.9624236822,0.0624482855,0.4724965692,0.0504863709,0.9508350492,0.3629795909,0.0663690865,0.439504087,0.1204754338,0.6554570794,1.280351758,0.8296619654,0.9166073799,0.719429493,0.8275291324,0.8687216043,0.8330613971,0.7476671338,0.2742722631,0.9336233735,0.7816269994,0.4507474899,0.2034376115,0.0976587534,0.0612190068,0.7816117406,0.7734962702,1.0088303089,0.6508835554,0.9167135358,0.8226953149,0.048045788,-0.0308079459,0.0793410689,-0.0265501365,0.513146162,0.9614252448,0.5420947671,0.0775119662,0.1592493951,0.7675662637,0.0071695745,0.1663759351,0.1876983494,0.8883828521,0.1734504104,0.0933972448,0.1428159177,0.954985261,-0.1803626716,0.0004944801,-0.1181008592,0.0725500211,0.1285377294,0.3147272766,-0.0707703531,0.4671410024,0.8845563531,0.1786774695,0.8471150994,0.4058340788,-0.0211668387,0.9939572811,Robert Jones,Lawyer,47,British
0.8202813268,0.1585842371,-0.2376825511,1.0079408884,0.0730558485,1.0881088972,0.7530892491,-0.0297505353,0.1749099493,0.1261533946,0.9281408191,0.942807436,0.8527489901,0.7509973645,0.8428213596,1.1245763302,0.1646605879,0.8894132972,0.0764903277,-0.000989899,1.0502070189,0.1337788403,0.0808978677,0.1333077103,0.934392035,0.0117367059,0.8181682825,-0.2676378489,-0.0192976985,0.2597289085,0.119386062,0.0699266493,0.6505496502,0.1766574532,0.8523821235,-0.2358623445,0.1814249456,0.4811871052,0.1976439506,-0.1475872844,0.9089841843,0.9486066699,0.7347055078,0.0092310905,0.7529170513,0.9413236976,0.3687506914,1.1063264608,0.3397296071,1.0594682693,0.0429477878,0.022763893,0.2542171776,1.1857751608,1.0319945812,-0.1348199099,0.0078231376,0.2285975814,0.9427223802,-0.0050444603,0.786558032,0.7811347246,0.1083549485,0.9859585762,John Johnson,Manager,37,Spanish
-0.2370933443,0.8615669012,0.9618861675,0.0878283307,0.795789957,0.9207675457,0.0651696771,0.1207850948,0.0235742591,1.0084782839,0.1715388596,0.9061355591,0.21899122,0.2078985125,0.7062525153,-0.0227860827,0.084327817,0.9620441794,0.9641265273,0.141458407,0.8530743122,0.5295675993,0.4030697942,0.1291940808,1.0161068439,1.0519112349,0.7110595703,0.9027315378,-0.1030342206,-0.0420912951,0.0326404646,0.1392644048,0.6938083172,0.9188525677,0.1082105339,0.2741841972,0.1450475156,1.0249160528,0.9752904773,0.1191237569,0.8071792722,-0.0788623318,0.9005537629,0.5410636663,-0.0599834472,0.2890001237,-0.0295338407,0.0685978085,1.0407525301,1.1034789085,0.2738625109,-0.0442597121,0.9942646623,0.0767991319,-0.1356443167,0.9292964339,0.4704184532,0.077312313,0.1912611127,0.1574645936,-0.0751629695,0.4955514669,0.9318512678,1.0179429054,Daniel Garcia,Chef,41,French
0.826556623,0.8599209785,0.8934364915,1.0355712175,0.8304768205,0.144280076,0.8385118246,0.8654285669,0.9583909512,0.8448992968,0.4685941339,0.9096734524,0.284612298,1.0422356129,0.9139254093,0.3443697691,0.0740220547,0.6491220593,0.0011670999,0.7687599063,0.1893416494,0.9582002759,0.3414687812,0.1837890893,0.0974561423,0.133211717,-0.1956372857,-0.166122362,1.097661972,0.2125789672,-0.0099574924,0.802046001,0.8234614134,0.8676415682,0.014181152,0.2504642308,0.7479947805,0.8578540683,0.1343579143,-0.0612494797,0.0493392125,0.9134234786,-0.0624343008,0.9193862677,-0.0183013231,0.2209120691,-0.111126326,-0.0307097621,0.0716054589,-0.1148076877,0.1244982034,0.8769343495,0.1608917117,1.0255842209,0.7641222477,0.2941506505,1.0190746784,0.9961556792,0.8868736625,1.0731284618,0.0266856924,0.1770219356,0.1801921427,0.9365493059,John Jones,Pilot,31,French
0.9041134715,0.0948647931,1.0880473852,1.1255679131,0.9077333212,0.8937084675,0.0846538991,0.7112631202,0.0950016081,1.1541583538,0.0736564472,1.0404480696,0.2663416862,0.1958537996,0.0888114125,0.9977820516,0.8219094276,0.8465133309,0.0703459084,-0.1167802662,0.7034760118,0.7897319198,0.0569171794,1.0547897816,0.3660901189,0.7136961222,0.7253112197,-0.0409020633,0.0351483449,0.0587849244,0.5899447799,0.1446230859,0.9780064821,0.8431896567,1.0778105259,0.934749186,0.2279939055,0.9110092521,0.0679809898,0.014702931,0.947255671,1.0237088203,0.2459130436,0.1448136568,0.2921273708,0.0682358146,0.7324836254,0.8757576346,0.7969568968,0.0449934676,1.1520342827,0.3709680438,0.7759460211,0.8398119807,0.7415787578,0.1275657713,0.9694804549,0.9688107967,0.1367760599,0.1147535592,0.2008807361,0.1485060006,0.895098865,0.7972698212,David Brown,Pilot,50,French
0.043558225,0.0395678207,0.3614409864,0.9121280313,0.0890764073,0.8892731071,0.147118926,0.6795039773,0.0560835116,0.8052333593,0.6957984567,0.7023471594,0.7009562254,-0.0570725389,0.1578484178,0.894996047,0.0192482173,0.9677754045,1.0456053019,-0.0910837799,1.1614567041,1.003821373,1.0026892424,0.1023206338,0.8119657636,-0.0806202888,0.9539647102,0.1005784795,1.0040253401,0.5720949173,1.0218145847,0.745243609,0.1113468856,0.8032803535,0.863365829,0.0071652308,0.0528732836,0.6829112172,0.0698503703,0.1463560909,0.0831956789,0.2523824573,0.898106575,0.868253231,0.2301105708,-0.0764309317,0.9579852223,0.0777144879,0.8960520625,0.0518837646,0.4839229882,0.1832901984,0.3271136284,0.1472068131,0.117056638,0.7622882128,0.1016128808,0.2704433799,1.0437222719,0.7069482803,0.7802675366,-0.1137029305,0.9738568664,0.0933551937,Daniel Garcia,Software Engineer,52,Canadian
0.9568701982,0.6859958768,0.7611424923,1.1659990549,1.2408130169,0.8710755706,0.6383679509,0.4566308558,0.065643236,0.5694334507,1.2061470747,0.2101755142,0.6161907315,0.2357458323,-0.1065013856,0.2592058778,0.9127400517,0.7067117095,0.6055997014,0.1324566305,0.584954977,0.8823401332,-0.0974871069,0.6913963556,0.276356101,0.1245026737,0.8848125935,0.2244905382,0.1816095412,0.6024145484,0.0416146442,-0.0729702562,0.8088118434,0.958242178,-0.1223599613,1.1447865963,0.9019093513,0.1687092781,0.1137608737,0.0884797424,0.9564828277,-0.0630054697,0.0198223144,0.0482274443,0.8997106552,1.0056220293,0.5279498696,0.9943901896,0.9162992835,0.1395595372,0.3350334466,0.5844368339,0.1851237118,0.8139859438,0.6072067618,0.1460949481,0.7292105556,1.0199781656,0.2136509866,0.147957623,0.6526230574,0.7180045843,0.4230012,0.2328373194,William Martinez,Lawyer,56,Canadian
0.3305069506,0.5563355684,0.1773604751,0.0486398861,1.2279634476,0.0115232589,0.9314106107,-0.1730468571,0.1781132668,0.3409161866,0.9074200988,-0.0165165626,-0.0443470329,0.0259224884,0.7002894878,-0.1466203034,0.8954759836,0.071819365,0.9396422505,0.3105020523,0.9330455065,0.8235034347,0.0518490523,0.113830395,0.9518935084,0.9741075039,0.9563493729,0.8263393641,0.9839981794,0.875648737,0.1568334103,0.8982346654,0.1864067614,0.8861505389,-0.0876867324,0.7582578659,0.7988811731,0.9838297963,0.7521799803,0.9080805182,0.8883485198,1.0108405352,0.7690783143,0.9343941212,0.8693677783,0.7901038527,0.1383744776,-0.2053981572,0.7493941784,0.6981865764,1.0019901991,0.608253181,-0.1082619503,-0.0396453962,0.9859918952,1.0468832254,-0.0109458137,0.0777364597,0.1358027458,-0.0980411172,0.2947378159,0.6628134847,1.0358036757,0.2866351008,Andrew Johnson,Pilot,43,French
0.9119938016,0.9303082228,0.0281910151,0.9320145845,-0.06169267,0.0263668932,1.0908631086,0.2495117933,0.6104546189,1.0168002844,0.1494222283,0.1856192052,-0.0358881503,0.9206078649,0.3739260733,0.9258817434,0.9935560226,0.8029491901,0.104908973,0.2354718298,0.0724604949,0.0893933028,0.6681206822,0.152809456,0.7813720107,0.3068227172,0.2265974432,0.1025234908,0.9492889047,-0.0591065139,0.7809165716,0.8683903813,0.8165833354,0.0625467896,1.0139334202,-0.0542760566,0.1132009327,0.1557392776,0.9545376301,0.0714154094,0.9052286148,1.0106301308,0.8487039804,0.0991942883,0.9998131394,0.0611512326,0.1040444449,1.1188293695,1.03948915,0.9732317924,0.9793788195,0.6290200949,0.3859987557,0.7844983339,0.1588383615,-0.1469177008,0.2259089649,0.6963201761,0.5802683234,0.9196770191,0.9463806152,0.0283577237,0.164133966,0.9191586971,David Smith,Mechanic,35,American
0.98372823,0.0831770375,0.0876883194,0.2147275805,0.7934618592,-0.012047979,0.9117808938,-0.0779940858,0.419508636,0.0672710314,0.1458307505,0.1269911379,0.9853584766,0.8983261585,0.8195146918,0.0211347621,0.0700597614,0.7870894074,0.0871242434,0.2113713771,0.0453991741,0.1866671443,-0.0128950849,0.9862436652,0.9172432423,-0.1598742455,0.0829743892,0.1317181289,0.1380676031,1.1709575653,0.1292043328,-0.1471198499,0.074035272,0.5998990536,0.0134271011,0.797062099,-0.1528898925,0.0452167317,-0.0358037241,0.052002579,0.4549994171,0.2037012279,0.9219132662,0.7772960067,0.8725741506,0.6616250873,0.8200960159,0.8944233656,0.8735700846,0.9685035944,-0.0336891972,1.0278401375,0.2081165612,0.2233798504,0.1881557405,-0.0420405231,0.8954609632,0.8130550981,1.1088467836,0.675670743,1.087495327,0.1541021317,0.4540798366,0.8919615746,William Smith,Lawyer,48,German
0.1165987328,0.916801095,0.8713448048,0.1299787164,0.8085304499,0.0650470853,0.8448181748,0.2677512467,1.0733245611,-0.0553884245,0.6653789878,0.9909822941,0.729802072,0.847884357,0.7155584693,1.0342328548,1.0879434347,0.8472183347,1.0567406416,0.7937754989,0.8150980473,0.8359413147,1.0215498209,0.8871603608,0.0002590269,0.5223694444,0.2254924029,0.6774634123,0.7152758241,0.0020161122,0.1001432613,0.9400460124,0.3060439229,0.2392325103,0.0646787435,0.0690015331,0.0972151607,0.1592131555,0.1380711943,0.9916782975,-0.1502212584,0.7800140977,0.029438898,-0.0069027245,0.7958719134,1.1124726534,1.0752913952,-0.0423515923,0.9581795931,0.1163652316,-0.064030081,1.0305120945,-0.0308857914,0.0688217208,0.1735851169,0.7340058684,0.4676496387,1.0047433376,0.9630214572,0.9613018036,-0.0553720519,0.592957437,0.3638605177,0.0802782774,William Hernandez,Pilot,43,Chinese
0.032506682,0.2157560885,0.0065537766,0.0214923397,0.1400063485,0.8504869938,0.0961736292,0.6739787459,1.0525927544,0.9826681018,0.1552124619,0.8750334978,0.3541841507,1.0996029377,0.9826915264,0.1524360925,0.879453063,0.8887874484,0.5697613358,0.0084781498,0.8210543394,0.849796176,0.2022567391,0.785585463,0.1402746737,0.0508390665,0.0239983015,0.8093357086,0.931933701,-0.0350597352,0.1383848488,-0.0096926428,-0.1225840747,-0.0666113794,0.8502827883,0.0103491023,0.741513133,0.214014709,0.3901437819,0.9235214591,0.2921667397,1.1467567682,0.1168733686,0.7139270902,0.9437062144,1.48974e-05,0.0054966286,0.4633246958,0.2831299901,0.8350102305,0.104780212,0.2843328118,0.7774658203,0.027994588,1.0198800564,0.4604096413,0.0999109745,0.1833365262,-0.1302954406,0.8282916546,1.0822372437,0.6606124043,0.1512514949,1.0374501944,Joseph Brown,Chef,51,Canadian
